<?xml version="1.0" encoding="UTF-8" standalone="yes"?>
<metadata>
	<version>39.0</version>
	<components>
		<component>
			<name>CustomApplication</name>
			<wildCard>true</wildCard>
			<suffix>app</suffix>
		</component>
		<component>
			<name>AuraDefinitionBundle</name>
			<wildCard>true</wildCard>
			<suffix>aura</suffix>
		</component>
		<component>
			<name>HomePageLayout</name>
			<wildCard>true</wildCard>
			<suffix>homePageLayout</suffix>
		</component>
		<component>
			<name>HomePageComponent</name>
			<wildCard>true</wildCard>
			<suffix>homePageComponent</suffix>
		</component>
		<component>
			<name>ApprovalProcess</name>
			<wildCard>true</wildCard>
			<suffix>approvalProcess</suffix>
		</component>
		<component>
			<name>ApexClass</name>
			<wildCard>true</wildCard>
			<suffix>cls</suffix>
		</component>
		<component>
			<name>ApexComponent</name>
			<wildCard>true</wildCard>
			<suffix>component</suffix>
		</component>
		<component>
			<name>CustomApplicationComponent</name>
			<wildCard>true</wildCard>
			<suffix>customApplicationComponent</suffix>
		</component>
		<component>
			<name>CustomPermission</name>
			<wildCard>true</wildCard>
			<suffix>customPermission</suffix>
		</component>
		<component>
			<name>CustomMetadata</name>
			<wildCard>true</wildCard>
			<suffix>md</suffix>
		</component>
		<component>
			<name>EmailTemplate</name>
			<wildCard>false</wildCard>
			<suffix>email</suffix>
		</component>
		<component>
			<name>FlexiPage</name>
			<wildCard>true</wildCard>
			<suffix>flexipage</suffix>
		</component>
		<component>
			<name>Flow</name>
			<wildCard>true</wildCard>
			<suffix>flow</suffix>
		</component>
		<component>
			<name>GlobalValueSet</name>
			<wildCard>true</wildCard>
			<suffix>globalValueSet</suffix>
		</component>
		<component>
			<name>Group</name>
			<wildCard>true</wildCard>
			<suffix>group</suffix>
		</component>
		<component>
			<name>Layout</name>
			<wildCard>true</wildCard>
			<suffix>layout</suffix>
		</component>
		<component>
			<name>Letterhead</name>
			<wildCard>false</wildCard>
			<suffix>letter</suffix>
		</component>
		<component>
			<name>CustomObject</name>
			<wildCard>false</wildCard>
			<suffix>object</suffix>
		</component>
		<component>
			<name>CustomObjectTranslation</name>
			<wildCard>true</wildCard>
			<suffix>objectTranslation</suffix>
		</component>
		<component>
			<name>ApexPage</name>
			<wildCard>true</wildCard>
			<suffix>page</suffix>
		</component>
		<component>
			<name>Profile</name>
			<wildCard>true</wildCard>
			<suffix>profile</suffix>
		</component>
		<component>
			<name>PermissionSet</name>
			<wildCard>true</wildCard>
			<suffix>permissionset</suffix>
		</component>
		<component>
			<name>Queue</name>
			<wildCard>true</wildCard>
			<suffix>queue</suffix>
		</component>
		<component>
			<name>QuickAction</name>
			<wildCard>true</wildCard>
			<suffix>quickAction</suffix>
		</component>
		<component>
			<name>RemoteSiteSetting</name>
			<wildCard>false</wildCard>
			<suffix>remoteSite</suffix>
		</component>
		<component>
			<name>Report</name>
			<wildCard>false</wildCard>
			<suffix>report</suffix>
		</component>
		<component>
			<name>Role</name>
			<wildCard>true</wildCard>
			<suffix>role</suffix>
		</component>
		<component>
			<name>Settings</name>
			<wildCard>false</wildCard>
			<suffix>settings</suffix>
		</component>
		<component>
			<name>StandardValueSet</name>
			<wildCard>false</wildCard>
			<suffix>standardValueSet</suffix>
		</component>
		<component>
			<name>StaticResource</name>
			<wildCard>true</wildCard>
			<suffix>resource</suffix>
		</component>
		<component>
			<name>CustomTab</name>
			<wildCard>true</wildCard>
			<suffix>tab</suffix>
		</component>
		<component>
			<name>ApexTrigger</name>
			<wildCard>true</wildCard>
			<suffix>trigger</suffix>
		</component>
		<component>
			<name>Workflow</name>
			<wildCard>true</wildCard>
			<suffix>workflow</suffix>
		</component>
		<component>
			<name>CustomLabel</name>
			<wildCard>false</wildCard>
			<suffix>labels</suffix>
		</component>
		<component>
			<name>InstalledPackage</name>
			<wildCard>true</wildCard>
			<suffix>installedPackage</suffix>
		</component>
		<component>
			<name>SharingRules</name>
			<wildCard>true</wildCard>
			<suffix>sharingRules</suffix>
		</component>
		<component>
			<name>ReportType</name>
			<wildCard>true</wildCard>
			<suffix>reportType</suffix>
		</component>
		<component>
			<name>Document</name>
			<wildCard>false</wildCard>
			<suffix>document</suffix>
		</component>
		<component>
			<name>ContentAsset</name>
			<wildCard>true</wildCard>
			<suffix>asset</suffix>
		</component>
		<component>
			<name>DataCategoryGroup</name>
			<wildCard>true</wildCard>
			<suffix>datacategorygroup</suffix>
		</component>
		<component>
			<name>PlatformCachePartition</name>
			<wildCard>true</wildCard>
			<suffix>cachePartition</suffix>
		</component>
		<component>
			<name>DuplicateRule</name>
			<wildCard>true</wildCard>
			<suffix>duplicateRule</suffix>
		</component>
		<component>
			<name>FlowDefinition</name>
			<wildCard>true</wildCard>
			<suffix>flowDefinition</suffix>
		</component>
		<component>
			<name>SynonymDictionary</name>
			<wildCard>true</wildCard>
			<suffix>synonymDictionary</suffix>
		</component>
		<component>
			<name>DataCategoryGroup</name>
			<wildCard>true</wildCard>
			<suffix>datacategorygroups</suffix>
		</component>
		<component>
			<name>Dashboard</name>
			<wildCard>false</wildCard>
			<suffix>dashboard</suffix>
		</component>
		<component>
			<name>CustomSite</name>
			<wildCard>true</wildCard>
			<suffix>site</suffix>
		</component>
	</components>
</metadata>